message_id,date,sender,text,views,threat_level
msg_-1002413797422_10,2024-11-02T06:07:41+00:00,-1002413797422,Отчет от McAfee: **Technical Analysis of Babuk Ransomware  Ransomware Team: **@RansomwareTeam** Group: **@RansomTeam **Private: ****@RansomwareBot**,133,LOW
msg_-1002413797422_100,2024-11-02T06:07:43+00:00,-1002413797422,**BitLocker Attacks**  __A list of public attacks on BitLocker. Any public attack with the potential to attack BitLocker but where the exact method is still not public (like baton drop) is out of scope.__  https://github.com/Wack0/bitlocker-attacks  **Project: ****@RansomwareTeam**** Group: ****@RansomTeam**** Private: ****@RansomwareBot**,205,LOW
msg_-1002413797422_102,2024-11-02T06:07:43+00:00,-1002413797422,@malwara  __Ещё больше материала найдёте в нашей приватке ✅ You will find even more material in our private ✅__ **Access**: @malwarabot,211,LOW
msg_-1002413797422_103,2024-11-02T06:07:43+00:00,-1002413797422,**Ransomchats**[  ](https://github.com/Casualtek/Ransomchats)Сборка чатов\переговоров с рансомварщиками   https://github.com/Casualtek/Ransomchats  **Project: ****@RansomwareTeam** **Group: ****@RansomTeam** **Private: ****@RansomwareBot**  #ransom,211,LOW
msg_-1002413797422_105,2024-11-02T06:07:49+00:00,-1002413797422,@malwara  __Ещё больше материала найдёте в нашей приватке ✅ You will find even more material in our private ✅__ **Access**: @malwarabot,222,LOW
msg_-1002413797422_106,2024-11-02T06:07:49+00:00,-1002413797422,"Montclair, a township within the State of New Jersey, was a victim of ransomware. However, the Mayor reports it had ""negotiated a settlement of $450,000"" with the attackers.",218,LOW
msg_-1002413797422_107,2024-11-02T06:07:49+00:00,-1002413797422,When you become a Lockbit ransomware affiliate this is what the affiliate panel looks like.  - StealBit - LockBit RED - LockBit GREEN - LockBit BLACK - Linux/ESXi - Chat generation,245,LOW
msg_-1002413797422_109,2024-11-02T06:07:49+00:00,-1002413797422,And when you build the binary through the panel this is the output:,268,LOW
msg_-1002413797422_110,2024-11-02T06:07:49+00:00,-1002413797422,"«Ransomed VC», новая группа вымогателей, использует в качестве оружия европейский GDPR (Общие законы о защите данных). Эта группа компрометирует веб-сайты, а затем вымогает у компании деньги, угрожая штрафами GDPR.  - Незначительные нарушения GDPR штрафуют в размере 10 000 000 долларов США или 2% годового дохода фирмы за предыдущий финансовый год.  - Серьезные нарушения GDPR штрафуют в размере 20 000 000 долларов США или 4% годового дохода фирмы за предыдущий финансовый год.  Примечание. Мы лично никогда не видели, чтобы какая-либо группа вымогателей (или группа, занимающаяся программами-вымогателями) напрямую использовала законы о защите данных в качестве оружия в целях получения финансовой выгоды. Их основная цель – использовать законы, призванные защищать людей ради их прибыли.  **Project: ****@RansomwareTeam** **Group: ****@RansomTeam** **Private: ****@RansomwareBot**",269,LOW
msg_-1002413797422_111,2024-11-02T06:07:50+00:00,-1002413797422,"Группа вымогателей Lockbit, которая была относительно неактивна в течение нескольких месяцев, только что избавилась от более чем 20 жертв за один день.  Они также переиндексировали весь свой сайт: более 100+ предыдущих жертв теперь числятся в списке сегодняшних утечек.",272,LOW
msg_-1002413797422_112,2024-11-02T06:07:50+00:00,-1002413797422,"**NoBit Builder + Source Code **  **Description**: __Easy to use Encrypts every file possible (including Recycle Bin, AppData) +60 file types supported Wallpaper and blocked language support New generation ransomware  __**Project: ****@RansomwareTeam** **Group: ****@RansomTeam** **Private: ****@RansomwareBot**",308,LOW
msg_-1002413797422_113,2024-11-02T06:07:50+00:00,-1002413797422,**Ransomware Tools **  __Binder tools ransomware Data Decrypter and Recovery tools__  **Archive password:** @ransomwareteam  💬 [Ransom Team](http://t.me/ransomteam)   **Private: ****@RansomwareBot**** Магазин вредоносных ПО - ****@MalwareShopBot**** Project ****@MalwareForum**,425,LOW
msg_-1002413797422_115,2024-11-02T06:07:50+00:00,-1002413797422,**HelloKitty Ransomware Source Code Leaked  ** **Archive password**: @ransomteam  💬 [Ransom Developers](http://t.me/ransomdevs)   **Private: ****@RansomwareBot**** Магазин вредоносных ПО - ****@MalwareShopBot**** Project ****@MalwareForum**,407,LOW
msg_-1002413797422_116,2024-11-02T06:07:50+00:00,-1002413797422,**Paradise Ransomware source code**  Archive password: @ransomteam  💬 [Ransom Developers](http://t.me/ransomdevs)   **Private: ****@RansomwareBot**** Магазин вредоносных ПО - ****@MalwareShopBot**** Project ****@MalwareForum**,426,LOW
msg_-1002413797422_117,2024-11-02T06:07:50+00:00,-1002413797422,"BlackCat Ransomware (ALPHV) Configuration Tool, You Just Need To Understand How This Tool Works  Note - Use RDP For Testing  Source : https://www.varonis.com/blog/blackcat-ransomware",413,LOW
msg_-1002413797422_119,2024-11-02T06:07:50+00:00,-1002413797422,**3301 Ransomware Toolkit v2**  __Just a Ransomware Builder__  **Features**: __- UAC Bypass - Self Destruct - ShadowCopy Remover - No Of Paralel Crypt - MBR OverWrite - VM Detection - Sandboxie Detection - Check For Internet Connection - Defender Exclude - OpMode ( Auto Exclude Whenever User Removed ) - Default App To Open Crypted Files - Melt - Protect Process ( BSOD ) - File Completely Deleted After Deadline ( No Possible To Recover ) - Files Crypted With AES - Key Crypted With RSA - Log Sender - Process To Kill - Ransomware Look Changed - And More...__  Archive password: @ransomteam  💬 [Ransom Developers](http://t.me/ransomdevs)   **Private: ****@RansomwareBot**** Магазин вредоносных ПО - ****@MalwareShopBot**** Project ****@MalwareForum**,466,LOW
msg_-1002413797422_12,2024-11-02T06:07:41+00:00,-1002413797422,"Псевдо «Исходный код» программы-вымогателя Peyta, разработанной ГРУ, стал распространяться в последнее время. Это фейк  Вы можете скачать Hoax.Win32.Ransomware.Petya здесь: https://github.com/vxunderground/MalwareSourceCode  **Ransomware Team: **@RansomwareTeam** Group: **@RansomTeam **Private: ****@RansomwareBot**",131,LOW
msg_-1002413797422_120,2024-11-02T06:07:50+00:00,-1002413797422,#ransomware,322,LOW
msg_-1002413797422_121,2024-11-02T06:07:50+00:00,-1002413797422,**LockBit's downfall and Cl0p's ascent: A tale of the changing face of cybercrime **  The rise and fall of ransomware empires   https://youtu.be/0EQenbbPSaE?si=_7obVjOI1astwcmz  **Private: ****@RansomwareBot**** Магазин вредоносных ПО - ****@MalwareShopBot**** Project ****@MalwareForum**  #lockbit #cl0p #ransomware,332,LOW
msg_-1002413797422_122,2024-11-02T06:07:50+00:00,-1002413797422,#ransomware,321,LOW
msg_-1002413797422_123,2024-11-02T06:07:50+00:00,-1002413797422,**Private: ****@RansomwareBot**** Магазин вредоносных ПО - ****@MalwareShopBot**** Project ****@MalwareForum**,335,LOW
msg_-1002413797422_125,2024-11-02T06:07:50+00:00,-1002413797422,"Today Lockbit ransomware group's website has been seized (again).   The new server hijack mocking asks Lockbit ransomware group administrative ""What have we learned?"" and states they will unveil more identities of ransomware operators behind Lockbit (possibly the leaders too)",345,LOW
msg_-1002413797422_126,2024-11-02T06:07:50+00:00,-1002413797422,U.S. Charges Russian Man as Boss of #LockBit Ransomware Group  https://krebsonsecurity.com/2024/05/u-s-charges-russian-man-as-boss-of-lockbit-ransomware-group/,371,LOW
msg_-1002413797422_127,2024-11-02T06:07:50+00:00,-1002413797422,"Lockbit ransomware group has made a post today about a contest (titled: contest.omg) to contact Dmitry Khoroshev – they assert the FBI is wrong and LockbitSupp is NOT Dmitry Khoroshev.  They're offering $1,000 if you can contact Dmitry Khoroshev to see if he is alive and well",420,LOW
msg_-1002413797422_128,2024-11-02T06:07:50+00:00,-1002413797422,"**Conti Ransomware builder by ""hitlercunnyrapist1488"".**  Use with caution.  **Archive password**: `ransomteam`.**  Private: ****@RansomwareBot**** MalwareShop: ****@MalwareShopBot**** All projects ****@malwarelinks**",460,LOW
msg_-1002413797422_13,2024-11-02T06:07:41+00:00,-1002413797422,"#Ransomware #REvil #Decrypt #MasterKey  Los analistas de Flashpoint han identificado un post en el foro ruso XSS, donde un usuario llamado ""Ekranoplan"" ha compartido la captura de una posible clave maestra para el ransomware.  Flashpont ha intentado descifrar un sandbox infectado con una muestra de REvil con la clave proporcionada, resultando en el descifrado de los ficheros afectados.  `{""master_sk"":""OgTD7co7NcYCoNj8NoYdPoR8nVFJBO5vs/kVkhelp2s=""}  `https://www.flashpoint-intel.com/blog/possible-universal-revil-master-key-posted-to-xss/  **Ransomware Team: **@RansomwareTeam** Group: **@RansomTeam **Private: ****@RansomwareBot**",149,LOW
msg_-1002413797422_130,2024-11-02T06:07:50+00:00,-1002413797422,[ ](https://malware.news/t/the-history-of-ransomware/82702)**The History of Ransomware**  https://malware.news/t/the-history-of-ransomware/82702,427,LOW
msg_-1002413797422_132,2024-11-02T06:07:50+00:00,-1002413797422,#ransomware,503,LOW
msg_-1002413797422_134,2024-11-02T06:07:50+00:00,-1002413797422,#ransomware #APT,513,LOW
msg_-1002413797422_135,2024-11-02T06:07:50+00:00,-1002413797422,#APT #threatleak,523,LOW
msg_-1002413797422_137,2024-11-02T06:07:50+00:00,-1002413797422,**Prince Ransomware**  __Prince is a ransomware written from scratch in Go. It uses a mixture of ChaCha20 and ECIES cryptography in order to encrypt files securely so that they cannot be recovered by traditional recovery tools. Files which have been encrypted by Prince can only be decrypted using the corresponding decryptor. __ https://github.com/SecDbg/Prince-Ransomware  **Private: ****@RansomwareBot**** MalwareShop: ****@MalwareShopBot**** All projects ****@malwarelinks**,644,LOW
msg_-1002413797422_14,2024-11-02T06:07:41+00:00,-1002413797422,"**Blackout Ransomware Builder V2**  __This ransomware encrypts user data using AES and then requires them to write an email to return the files. __**List of file extensions subject to encryption:** __These are MS Office documents, OpenOffice, PDF, text files, databases, photos, music, videos, image files, archives, etc.__  `Run in a virtual machine! Material for informational purposes only! We are not responsible for your use of ransomware. ` **Archive password:** @ransomwareteam  💬 [Ransom Team](http://t.me/ransomteam)   **Private: ****@RansomwareBot** **Магазин вредоносных ПО - ****@MalwareShopBot**** Project ****@MalwareForum**",240,LOW
msg_-1002413797422_144,2024-11-02T06:07:50+00:00,-1002413797422,[ ](https://malware.news/t/is-ransomware-malware/84667)**Is Ransomware Malware?**  https://malware.news/t/is-ransomware-malware/84667,621,LOW
msg_-1002413797422_145,2024-11-02T06:07:50+00:00,-1002413797422,"**LockSystem Ransomware**  __Locksystem Team Ransomware Leaked__  This is a release, or leak, of our ransomware source code named LockSystem. We are sharing this solely for educational purposes. I am confident you can utilize this code for your crypter projects or other developments.  Please note that this is only a portion of the ransomware code. We believe it is among the best, and it is ours.  Rest assured, we will create something new and even more powerful in the future.  **Archive password**: @ransomteam  **Private: ****@RansomwareBot**** MalwareShop: ****@MalwareShopBot**** All projects ****@malwarelinks**",740,LOW
msg_-1002413797422_146,2024-11-02T06:07:50+00:00,-1002413797422,**Jigwas Ransomware  Archive password: ****@ransomteam****  Private: ****@RansomwareBot**** MalwareShop: ****@MalwareShopBot**** All projects ****@malwarelinks**,757,LOW
msg_-1002413797422_147,2024-11-02T06:07:50+00:00,-1002413797422,**Robinhood Ransomeware Leaked**  **Archive password: ****@ransomteam****  Private: ****@RansomwareBot**** MalwareShop: ****@MalwareShopBot**** All projects ****@malwarelinks**,797,LOW
msg_-1002413797422_148,2024-11-02T06:07:50+00:00,-1002413797422,**Cyborg Ransomware Builder Version 2.0.1 - Cracked**  **Software Requires:** __.net framework 3.5 (includes .net 2.0 and 3.0) See: ____https://youtu.be/_tMFhUJdeLI?si=4bdKvU807-fg8BZs____  Always Use RDP__  **Archive password: ****@ransomservice****  Private: ****@RansomwareBot**** MalwareShop: ****@MalwareShopBot**** All projects ****@malwarelinks**,869,LOW
msg_-1002413797422_149,2024-11-02T06:07:50+00:00,-1002413797422,"**Introducing the Ransomware Builder**  __An educational tool with a sleek, modern GUI that makes it easy for anyone to create their own ransomware. Perfect for learning and awareness, our user-friendly interface guides you through each step, from customizing ransom notes to encrypting files, all with just a few clicks. __ https://github.com/Busirus/PyQt5-RansomwareBuilder  **Project: ****@RansomService**** Private: ****@RansomwareBot**** MalwareShop: ****@MalwareShopBot**** All projects ****@malwarelinks**",827,LOW
msg_-1002413797422_15,2024-11-02T06:07:41+00:00,-1002413797422,"PonyFinal is a Java-based ransomware that is deployed in human-operated ransomware attacks. While Java-based ransomware are not unheard of, they’re not as common as other threat file types. However, organizations should focus less on this payload and more on how it’s delivered.  **Ransomware Team: **@RansomwareTeam** Group: **@RansomTeam **Private: ****@RansomwareBot**",137,LOW
msg_-1002413797422_150,2024-11-02T06:07:50+00:00,-1002413797422,"**Private channel from ****@RansomwareService**** (****@RansomTeam****)  By subscribing, you get access to the private channel where you will find:**  __• Builders and source codes of various ransomware for Windows, as well as cross-platform software  • Courses on pentesting systems and finding vulnerabilities in Windows systems  • A very large selection of cracked versions and source codes of various ransomware with updates  • Modified and custom versions of ransomware  • Private versions  • Various materials for distributing your software  • And much more interesting and useful for working with ransomware__  **Subscription cost to the private channel:** __ • Monthly: $100  • Lifetime: $250__  **Accepted cryptocurrencies:** __Bitcoin, Ethereum, Litecoin, Monero, Dash, Zcash, and Tether USDT (bep20, trc20, erc20, ton).__  You can gain access to the private channel through the bot @RansomwareBot",867,LOW
msg_-1002413797422_151,2024-11-02T06:07:50+00:00,-1002413797422,"👾**Chaos-Rootkit**👾  x64 Ring 0 seviyesinde çalışan, işlemleri gizleme, ayrıcalık yükseltme, koruma ve dosya erişimini kısıtlama gibi özelliklere sahip, imzalı bir Microsoft sürücüsü olarak taklit edebilen bir rootkittir. **Link🔗:** https://github.com/ZeroMemoryEx/Chaos-Rootkit  **Project: ****@RansomService**** Topic: ****@MalwareForums**** Private: ****@MalwarePrivateBot**** Shop: ****@MalwareShopRobot**** Powered by ****@MalwareForum**",1089,LOW
msg_-1002413797422_154,2024-11-19T15:06:56+00:00,-1002413797422,**New malware links: ** https://t.me/addlist/Ln8UaLBWjE9jYWI0,1142,LOW
msg_-1002413797422_159,2025-01-09T13:41:33+00:00,-1002413797422,"**Private channel from ****@RansomwareService**** (****@RansomTeam****)  By subscribing, you get access to the private channel where you will find:  __• Builders and source codes of various ransomware for Windows, as well as cross-platform software  • Courses on pentesting systems and finding vulnerabilities in Windows systems  • A very large selection of cracked versions and source codes of various ransomware with updates  • Modified and custom versions of ransomware  • Private versions  • Various materials for distributing your software  • And much more interesting and useful for working with ransomware__**  https://t.me/MalwarePrivateBot?start=ctg7",766,LOW
msg_-1002413797422_16,2024-11-02T06:07:41+00:00,-1002413797422,От war games к **ransomeware.PLAY****  **Жирный и добротный и главное **свежий** разбор полетов от [Chuong Dong](https://chuongdong.com/about/)  https://chuongdong.com/reverse%20engineering/2022/09/03/PLAYRansomware/  **Ransomware Team: **@RansomwareTeam** Group: **@RansomTeam **Private: ****@RansomwareBot**,144,LOW
msg_-1002413797422_160,2025-01-11T14:47:36+00:00,-1002413797422,"[FunkSec – Alleged Top Ransomware Group Powered by AI](https://malware.news/t/funksec-alleged-top-ransomware-group-powered-by-ai/90056) **Malware Analysis, News and Indicators - Latest topics (RSS)**  Key Points  Introduction to Malware Binary Triage (IMBT) Course Looking to level up your skills? Get **10% off** using coupon code: **MWNEWS10** for any flavor.  [Enroll Now and Save 10%: Coupon Code MWNEWS10](https://training.invokere.com/link/QHLuD5/MWNEWS10?url=https%3A%2F%2Ftraining.invokere.com)  __Note: Affiliate link – your enrollment helps support this platform at no extra cost to you.__    — The FunkSec ransomware group emerged in late 2024 and published over 85 victims in December, surpassing every other ransomware group that month. — FunkSec operators appear to use AI-assisted malware development which can enable even inexperienced actors to quickly produce and refine advanced tools. — The group’s activities straddle the line between hacktivism and cybercrime, complicating efforts to understand their true motivations. — Many of the group’s leaked datasets are recycled from previous hacktivism campaigns, raising doubts about the authenticity of their...  [Перейти на оригинальный пост](https://malware.news/t/funksec-alleged-top-ransomware-group-powered-by-ai/90056)",675,LOW
msg_-1002413797422_17,2024-11-02T06:07:41+00:00,-1002413797422,**Rook Ransomware**  http://gamol6n6p2p4c3ad7gxmx3ur7wwdwlywebo2azv3vv5qlmjmole2zbyd.onion  **Ransomware Team: ****@RansomwareTeam**** Group: ****@RansomTeam**** Private: ****@RansomwareBot**,139,LOW
msg_-1002413797422_170,2025-01-11T14:48:00+00:00,-1002413797422,"[FunkSec – Alleged Top Ransomware Group Powered by AI](https://malware.news/t/funksec-alleged-top-ransomware-group-powered-by-ai/90056) **Malware Analysis, News and Indicators - Latest topics (RSS)**  Key Points  Introduction to Malware Binary Triage (IMBT) Course Looking to level up your skills? Get **10% off** using coupon code: **MWNEWS10** for any flavor.  [Enroll Now and Save 10%: Coupon Code MWNEWS10](https://training.invokere.com/link/QHLuD5/MWNEWS10?url=https%3A%2F%2Ftraining.invokere.com)  __Note: Affiliate link – your enrollment helps support this platform at no extra cost to you.__    — The FunkSec ransomware group emerged in late 2024 and published over 85 victims in December, surpassing every other ransomware group that month. — FunkSec operators appear to use AI-assisted malware development which can enable even inexperienced actors to quickly produce and refine advanced tools. — The group’s activities straddle the line between hacktivism and cybercrime, complicating efforts to understand their true motivations. — Many of the group’s leaked datasets are recycled from previous hacktivism campaigns, raising doubts about the authenticity of their...  [Перейти на оригинальный пост](https://malware.news/t/funksec-alleged-top-ransomware-group-powered-by-ai/90056)",697,LOW
msg_-1002413797422_176,2025-01-12T14:49:02+00:00,-1002413797422,"[BayMark Health Services sends breach notifications after ransomware attack](https://malware.news/t/baymark-health-services-sends-breach-notifications-after-ransomware-attack/90071) **Malware Analysis, News and Indicators - Latest topics (RSS)**  BayMark Health Services, Inc. (BayMark) notified an unknown number of patients that attackers stole their personal and health information.   Introduction to Malware Binary Triage (IMBT) Course Looking to level up your skills? Get **10% off** using coupon code: **MWNEWS10** for any flavor.  [Enroll Now and Save 10%: Coupon Code MWNEWS10](https://training.invokere.com/link/QHLuD5/MWNEWS10?url=https%3A%2F%2Ftraining.invokere.com)  __Note: Affiliate link – your enrollment helps support this platform at no extra cost to you.__   BayMark profiles itself as North America’s largest provider of medication-assisted treatment (MAT) for substance use disorders helping tens of thousands of individuals with recovery.  In a [breach notification](https://ago.vermont.gov/sites/ago/files/documents/2025-01-08%20BayMark%20Health%20Services%20Data%20Breach%20Notice%20to%20Consumers.pdf), the company disclosed that on October 11, 2024 it learned about an incident that disrupted the operations of some of its IT systems. This incident consisted of an unauthorized party accessing some of the files on...  [Перейти на оригинальный пост](https://malware.news/t/baymark-health-services-sends-breach-notifications-after-ransomware-attack/90071)",982,LOW
msg_-1002413797422_178,2025-01-15T19:47:20+00:00,-1002413797422,.Upd  **Malware Forum Projects Restored: ****https://t.me/addlist/RhEJpU8lo6FkYmM0****  Private Channels: ****@MalwarePrivateBot****  Restored Shops: ****@MalwareShopRobot**** ****@CryptoScamsBot**** ****@DrainerMarketRobot**** ****@C2ShopBot**,1026,LOW
msg_-1002413797422_179,2025-01-20T15:09:24+00:00,-1002413797422,"**Private channel from ****@RansomwareService**** (****@RansomTeam****)  By subscribing, you get access to the private channel where you will find:  __• Builders and source codes of various ransomware for Windows, as well as cross-platform software  • Courses on pentesting systems and finding vulnerabilities in Windows systems  • A very large selection of cracked versions and source codes of various ransomware with updates  • Modified and custom versions of ransomware  • Private versions  • Various materials for distributing your software  • And much more interesting and useful for working with ransomware__**  https://t.me/MalwarePrivateBot?start=ctg7",983,LOW
msg_-1002413797422_18,2024-11-02T06:07:41+00:00,-1002413797422,**ALPHV ransomware (BlackCat) is the first professional ransomware to use Rust(sample)**  https://therecord.media/alphv-blackcat-is-the-first-professional-ransomware-gang-to-use-rust/  **Ransomware Team: ****@RansomwareTeam**** Group: ****@RansomTeam**** Private: ****@RansomwareBot**,214,LOW
msg_-1002413797422_180,2025-01-25T17:11:18+00:00,-1002413797422,"**One-time promotion for driers in the TON network Only for 3 people all three driers in the TON network will be available for $600 This works out to be the price of one drier, two for free**  `Installation + consultation + support free `  **List of drainers:**  TON DRAINER - ~~600 USD~~ More: https://t.me/DrainerMarketRobot?start=t_a87ff679a2f3e71d9181a67b7542122c  Ton Drainer Source + Tonkeeper bypass - ~~1000 USD~~ More: https://t.me/DrainerMarketRobot?start=t_3c59dc048e8850243be8079a5c74d079  Julia Ton Drainer v0.9 - ~~300 USD~~ More:  https://t.me/DrainerMarketRobot?start=t_8e296a067a37563370ded05f5a3bf3ec **For all questions, please contact us here ****@webtraxer**** Limited offer 😘**",701,LOW
msg_-1002413797422_181,2025-01-25T17:11:18+00:00,-1002413797422,"**Our second promotion on multichain drainers  For only $800 you will get all the driers from the list**  `Installation + consultation + support free `  **List:**  MS Drainer modded by Carver - ~~400 USD~~ More: https://t.me/DrainerMarketRobot?start=t_c9f0f895fb98ab9159f51fd0297e236d  Multichain Crypto Wallet Drainer - ~~500 USD~~ More: https://t.me/DrainerMarketRobot?start=t_45c48cce2e2d7fbdea1afc51c7c6ad26  Crypto Drainer all networks - ~~700 USD~~ More: https://t.me/DrainerMarketRobot?start=t_6512bd43d9caa6e02c990b0a82652dca  MS Drainer Latest version + Module - ~~1200 USD~~ More: https://t.me/DrainerMarketRobot?start=t_98f13708210194c475687be6106a3b84  Unique Drainer  - ~~800 USD~~ More: https://t.me/DrainerMarketRobot?start=t_1ff1de774005f8da13f42943881c655f  __The promotion is valid strictly up to three buyers so that the value does not fall We are ready to install and also give advice on drainers __  **For all questions, please contact ****@webtraxer**",827,LOW
msg_-1002413797422_182,2025-01-26T12:52:05+00:00,-1002413797422,#ads  **Crypto Scams Shop - ****@CryptoScamsBot****  __Want to do crypto scam? Then this bot is for you here you will find everything for work__  You will find it with us; ** [Sweeper Bots Crypto Seeds Fake ICO/Airdrop/Exchanges Auto Withdraw Bots CR Farm Softwares Seed Grabbers  Crypto Mixers Crypto Checkers Smart Contracts Honeypot tokens and etc](http://t.me/cryptoscamsbot) **Link to shop: ****@CryptoScamsBot**** Powered by ****@CryptoWares**,8111,LOW
msg_-1002413797422_185,2025-03-09T09:51:23+00:00,-1002413797422,"**🔗 ****@MalwareForum**** - __Explorer for all resource links__  Subscribe to all resources with one click: ****https://t.me/addlist/RhEJpU8lo6FkYmM0**  **📌 You may also be interested in:**  **🔗 ****@MalwareShopRobot** - __A shop where you can purchase various malware.__ [[10% PROMO]](https://t.me/MalwareShopRobot?start=promoShop)  🔗 **@CryptoScamsBot** - A unique store with all possible items for hacking, scamming, and stealing crypto. [[10% PROMO]](https://t.me/CryptoScamsBot?start=promoshop)   **🔗 ****@DrainerMarketsBot** - __A market where you can find various drainers.__ [[10% PROMO]](https://t.me/DrainerMarketRobot?start=promoshop)  **🔗 ****@C2ShopBot** - __A shop where you can find artifacts, cracked versions, and much more.__ [[10% PROMO]](https://t.me/c2shopbot?start=promoshop)",1339,LOW
msg_-1002413797422_187,2025-05-08T13:31:20+00:00,-1002413797422,**New link to projects: ****https://malwarecorp.com** **Private: ****@MalwarePrivateBot**,1026,LOW
msg_-1002413797422_19,2024-11-02T06:07:41+00:00,-1002413797422,**Ransomware Attacks and Detection Preview**  **Ransomware Team: ****@RansomwareTeam**** Group: ****@RansomTeam**** Private: ****@RansomwareBot**,167,LOW
msg_-1002413797422_190,2025-05-15T13:30:54+00:00,-1002413797422,"**Dll Sideloading** - Code that bypasses smartscreen. DLL sideloading is a technique related to DLL hijacking, in which malicious code is also contained in a library loaded by a legitimate application.  __Taken from the forum hss__  Pass - [malwarecorp.com](https://malwarecorp.com/)   **Project: ****malwarecorp.com** **Shops: ****malwarecorp.com/#markets** **Private: ****@MalwarePrivateBot**",1336,LOW
msg_-1002413797422_194,2025-09-09T17:52:01+00:00,-1002413797422,**⚠️ Attention   New link to channel: ****https://t.me/+JACFuYvhAqZhOTZk**** or ****@ransomteam****  Market: ****@MalwareShopRobot**** Private: ****@MalwarePrivateBot**** Projects: ****malwarecorp.com**** If you are interested in advertising in channels: ****malwarecorp.com/#ads**,877,LOW
msg_-1002413797422_195,2025-09-18T05:33:37+00:00,-1002413797422,**You may also be interested in our other projects:**  **Private**: __Malware Private Bot | ____https://t.me/MalwarePrivateBot__ **Channels**: __Malware Corp | ____https://t.me/+AuVNpVQGzug4ODBi____ Drainer Service | ____https://t.me/+-ComKZE_iK9lZDYy____ Crypters | ____https://t.me/+-Korrej8EOdjZTEy____ C2 Frameworks | ____https://t.me/+Gt306gYY29k4NjJi____ Ransom Service| ____https://t.me/+JACFuYvhAqZhOTZk____ Exploit Service | ____https://t.me/+xu2uSRA_17NlZTdk____ Rat Software | ____https://t.me/+RmJGr7Ih42VjZTUy____ Stealer Store | ____https://t.me/+MIVZui2hUWU0ZDQy____ Android Botnets | ____https://t.me/+JzSQ_uAdYDZhM2Vi____ iOS malware | ____https://t.me/+DZLjPPMhDr0xZTQ0____ Data Cloud | ____https://t.me/+WusI9tBkBAdkZDM6____ Crypto Wares | ____https://t.me/+WpSnt41xHSljYTVi____ Crack Cloud | ____https://t.me/+NIrQOeX3-yIwMjRi____ Malware News | ____https://t.me/MalwareNews____ Malware Escrow | ____https://t.me/MalwareGarant__ **Shops**: __Malware Shop | ____https://t.me/MalwareShopRobot____ Drainer Market | ____https://t.me/DrainerMarketsBot____ C2 Shop | ____https://t.me/C2ShopBot____ Crypto Scams | ____https://t.me/CryptoScamsBot__ **Groups**: __**Malware Forums** | ____https://t.me/+hIbyfRb8bGY5Mzgy____ **Crypt Service** | ____https://t.me/+nzusA_2E7N44NTZk__,1090,LOW
msg_-1002413797422_197,2025-12-17T13:09:14+00:00,-1002413797422,Our chat was blocked  Join our new chat and invite your friends.  t.me/MalwareForums,617,LOW
msg_-1002413797422_20,2024-11-02T06:07:41+00:00,-1002413797422,**Анализ шифровальщика BlackBasta ** **Ransomware Team: ****@RansomwareTeam**** Group: ****@RansomTeam**** Private: ****@RansomwareBot**,168,LOW
msg_-1002413797422_201,2026-01-23T09:33:46+00:00,-1002413797422,**🔴 WELCOME TO THE UNDERGROUND**  __The central hub of the Malware Corporation ecosystem — your gateway to the largest network of offensive security channels__.  **🛡️ MALWARE DEVELOPMENT**  🌟 **MalwareCorp.t.me** **Group**: @MalwareForums  **Private**: @MalwarePrivateBot **Shop**: @MalwareShopRobot  🌟 **RansomwareTeam.t.me** **Group**: @RansomDevs  **Private**: @MalwarePrivateBot  🌟 **Crypters.t.me**  **Group**: @CryptService  **Private**: @MalwarePrivateBot  🌟 **RatSoftware.t.me** **Group**: @RatDevs  **Private**: @MalwarePrivateBot  🌟 **StealerStore.t.me** **Group**: @StealerDevs **Private**: @MalwarePrivateBot  🌟 **ExploitService.t.me** **Group**: @ExploitDevs  **Private**: @MalwarePrivateBot  🌟 **IoTbotnets.t.me** **Topic**: @MalwareForums **Private**: @MalwarePrivateBot  🌟 **MalwareNews.t.me** **Topic**: @MalwareForums **📱 MOBILE MALWARE**  🌟 **AndroidBotnets.t.me** Topic: @AndroidMalwares Private: @MalwarePrivateBot  🌟 **iOSMalware.t.me** **Topic**: @MalwareForums  **Private**: @MalwarePrivateBot **⚙️ ADVANCED TOOLS**  🌟 **CrackCloud.t.me** **Group**: @reversers  **Private**: @MalwarePrivateBot  🌟 **C2Frameworks.t.me** **Topic**: @MalwareForums  **Shop**: @C2ShopBot **Private**: @MalwarePrivateBot **💰 CRYPTO & WEB3**  🌟 **CryptoWares.t.me** **Topic**: @MalwareForums **Shop**: @CryptoWaresBot **Private**: @MalwarePrivateBot  🌟 **DrainerCorp.t.me** **Group**: @DrainingService **Private**: @MalwarePrivateBot **Shop**: @DrainerMarketsBot **🤖 AI**  🌟 **Aibypassing.t.me** **Group**: @GPTjailbreaks **Private**: @MalwarePrivateBot  🌟 **MalwareGpt.t.me** **Topic**: @MalwareForums **📊 DATA & INTELLIGENCE**  🌟 **DataCloud.t.me**  **Topic**: @MalwareForums **Private**: @MalwarePrivateBot  **💎 PREMIUM SERVICES**   🌟 **MalwareGarant.t.me** - __Your Trusted Partner in Secure Transactions__  🌟 **MalwarePrivate.t.me** - Purchasing access to all private network channels through the @MalwarePrivateBot bot  🌟 **MalwarePrice.t.me** - __Details about prices and conditions for placing advertising posts in the ____@malwareforum____ network.__ **📞 CONTACT & LINKS**  **👤 Owner**: [@malwar](http://t.me/malwar?direct) **💬 Advertising**: [@malwar](http://t.me/malwar?direct) **🌐 Website**: malwarecorp.com **🌐 TON Site:** malwarecorp.ton  ━━━━━━━━━━━━━━━━━━━  🔴 The underground just got organized.,466,LOW
msg_-1002413797422_203,2026-01-29T18:17:23+00:00,-1002413797422,💳 **ONLINE MERCHANTS NEEDED**  **VCC cashout guys**: DM me  __• Google Pay compatible • Apple Pay compatible • VBV/3DS text access__  **TERMS**: __- 50% - INSTANT payment only__  **Bulk work only**.  **DM**: @tbnb_000 / @malwara  - - - - - - - - - - - - - - - - - - - - - -  ✅ Exploit rep ✅ Vouched in Spamhaus ✅ Verified on V0index ✅ Trusted by Pandorum.me,467,LOW
msg_-1002413797422_204,2026-02-27T16:22:23+00:00,-1002413797422,"👋Hello everything dear friends!👋  ⭐️This is 𝐁𝐀&𝐕𝐂𝐂 𝐒𝐓𝐎𝐑𝐄⭐️  🔥Our service offers you good material for work already over 4 years!🔥  ✅We are on the list of verified sellers on #STÝXMARKET, #DATABASE, #VULNŠ & #V0INDÉX & #PÀNDORUMMARKET ✅  ⚠️We also have open topics on #WŴHCLUB, #EXPĹOIT, #CÀRDERMARKET, #CŔDPRO, #BFD, #EŃCLAVE, #MÒÓNCLUB ⚠️  We are already working with many chats and services, but we are always happy to cooperate and are waiting for your suggestions! 🤝   ✏️@seIfregs_ads 🇷🇺🇺🇸 🚨 [emergency_link](https://selfregs.pro/)",331,LOW
msg_-1002413797422_205,2026-03-01T17:47:00+00:00,-1002413797422,Here are some screenshots from the Market update.  🌐 pandorum.me 🌐 pandorum.pro 🧅 pandorumwzudcql6f3ourlqw2voyh332a4tke64x7k46ds564adoeeyd.onion,289,LOW
msg_-1002413797422_21,2024-11-02T06:07:41+00:00,-1002413797422,#Conti #sources  **Conti V3.7 Sources** __ Run in a virtual machine! Material for informational purposes only! We are not responsible for your use of ransomware. __ **Archive password:** @ransomwareteam  💬 [Ransom Team](http://t.me/ransomteam)   **Private: ****@RansomwareBot** **Магазин вредоносных ПО - ****@MalwareShopBot**** Project ****@MalwareForum**,245,LOW
msg_-1002413797422_215,2026-03-01T17:47:04+00:00,-1002413797422,🌐 pandorum.me 🌐 pandorum.pro 🧅 pandorumwzudcql6f3ourlqw2voyh332a4tke64x7k46ds564adoeeyd.onion,357,LOW
msg_-1002413797422_219,2026-03-01T17:47:10+00:00,-1002413797422,"**🛡️ Pandorum Marketplace — Major Update**  **__Pandorum is a secure, anonymous marketplace for digital goods and services. No KYC, cryptocurrency payments, escrow protection, and end-to-end encrypted chats — built for those who value privacy__**.  This is our biggest release yet. Here's everything that's new:  **🏪 Marketplace** __• Trusted Sellers updated — ____pandorum.me/trusted-sellers____ • Product cards redesigned and improved • Seller profile pages updated • Deposit system for sellers • Sellers can now add contact links to their profile: Telegram, Tox, Jabber, Matrix + one custom link • Verified badges and permanent online status for sellers • Auto-responder in chat for sellers • Product cloning — duplicate your listings in one click • Telegram Store — create your own store with broadcasts to bot users__  **👥 Referral Programme** __Invite users and earn **2.5%** from every sale made by your referred vendor. Link available in ____@settings____.__  **💬 Chat System** __A fully-featured communication platform — built inside Pandorum: • Group Chat with reply, ____@mentions____, pinned messages, search, and auto-delete — ____pandorum.me/profile/messages/group-chat____ • Looking For — a space for users searching for specific goods or services — ____pandorum.me/profile/messages/looking-for____ • Moderator Bot — bans, mutes, and pins messages in group chats • Saved Messages — store any information from all your chats in one place • Private Messages — ban, mute, auto-delete, and delete chat for both participants • Private Access purchasable directly inside chat — ____pandorum.me/profile/messages/private____ • Premium features available inside chat — ____pandorum.me/profile/messages/premium____ • End-to-End Encryption across all chats • Username system for channels, chats, bots, and regular users__  **🛠️ Support** __New support system launched — faster and more structured assistance.__  **🤖 Pandorum AI** __Currently in development. More details coming soon.__  **💎 TON Network** __We're preparing to launch on the .ton network. Stay tuned.__  **And much more waiting for you on the marketplace:** 🌐 pandorum.me · pandorum.pro 🧅 pandorumwzudcql6f3ourlqw2voyh332a4tke64x7k46ds564adoeeyd.onion",502,LOW
msg_-1002413797422_220,2026-05-20T19:04:50+00:00,-1002413797422,"**Malware Corporation Network — For Sale**  __17+ каналов, 2 групповых чата, 5 ботов автопродаж. Другие: 9 каналов, 1 чат, 2 бота. 17+ channels, 2 group chats, 5 auto-sale bots. Other: 9 channels, 1 chat, 2 bots.__  **Кроме этого / Buyer receives**: __Домен / Domain: ____malwarecorp.com__ + .ton__ Все доступы и архивы контента / Full access & content archives Данные приватных каналов / Private channel data Боты автопродаж со всеми товарами / Auto-sale bots with all products (published & unpublished) Юзернеймы в TON NFT / Usernames converted to TON NFT__  Совмещать ведение сети с офлайн-жизнью больше не получается — продаю. Надеюсь, новый владелец продолжит ежедневный выход контента. Can no longer balance the network with personal life. Hope the new owner continues the daily content tradition.  **Цена / Price**: $1 за подписчика / per subscriber — всё включено / all included  **По запросу / On request:** __статистика, доходы, список каналов, аудитория Stats, revenue data, full channel list, audience insights__  📩 @malwareseller (Write only here)",288,LOW
msg_-1002413797422_23,2024-11-02T06:07:41+00:00,-1002413797422,**#IoT**** ****#ransomware****  r4iot next generation ransomware report  Ransomware Team: ****@RansomwareTeam**** Group: ****@RansomTeam**** Private: ****@RansomwareBot**,137,LOW
msg_-1002413797422_24,2024-11-02T06:07:41+00:00,-1002413797422,**Incident Response Techniques for Ransomware Attacks: Understand modern ransomware attacks and build an incident response strategy to work through them.**  **Ransomware Team: ****@RansomwareTeam**** Group: ****@RansomTeam**** Private: ****@RansomwareBot**,160,LOW
msg_-1002413797422_25,2024-11-02T06:07:41+00:00,-1002413797422,#malware #report  **Анализ Ryuk Ransomware  Ransomware Team: ****@RansomwareTeam**** Group: ****@RansomTeam**** Private: ****@RansomwareBot**,118,LOW
msg_-1002413797422_27,2024-11-02T06:07:41+00:00,-1002413797422,#report #malware,122,LOW
msg_-1002413797422_28,2024-11-02T06:07:41+00:00,-1002413797422,**Программы вымогатели  Ransomware Team: ****@RansomwareTeam**** Group: ****@RansomTeam**** Private: ****@RansomwareBot**,142,LOW
msg_-1002413797422_29,2024-11-02T06:07:41+00:00,-1002413797422,#Ransomware #Sparta  http://zj2ex44e2b2xi43m2txk4uwi3l55aglsarre7repw7rkfwpj54j46iqd.onion/  **Ransomware Team: ****@RansomwareTeam**** Group: ****@RansomTeam**** Private: ****@RansomwareBot**,125,LOW
msg_-1002413797422_30,2024-11-02T06:07:41+00:00,-1002413797422,#malware #report  **Анализ шифровальщика Ryuk от McAfee  Ransomware Team: ****@RansomwareTeam**** Group: ****@RansomTeam**** Private: ****@RansomwareBot**,122,LOW
msg_-1002413797422_32,2024-11-02T06:07:41+00:00,-1002413797422,#Ransomware #Donut  https://sbc2zv2qnz5vubwtx3aobfpkeao6l4igjegm3xx7tk5suqhjkp5jxtqd.onion/  **Ransomware Team: ****@RansomwareTeam**** Group: ****@RansomTeam**** Private: ****@RansomwareBot**,131,LOW
msg_-1002413797422_33,2024-11-02T06:07:41+00:00,-1002413797422,#report #malware  Очень хороший разбор - **A Detailed Analysis of the Quantum Ransomware ** **Ransomware Team: ****@RansomwareTeam**** Group: ****@RansomTeam** **Private: ****@RansomwareBot**,146,LOW
msg_-1002413797422_34,2024-11-02T06:07:41+00:00,-1002413797422,"#LockBit #builder  **Недовольный разработчик слил билдер вымогателя LockBit в открытый доступ**  __ИБ-специалисты сообщили, что билдер известного шифровальщика LockBit опубликован в открытом доступе. Судя по всему, LockBit 3.0 слил недовольный разработчик или конкурент одномерной группировки. __ [📲Читать далее](https://telegra.ph/Nedovolnyj-razrabotchik-slil-bilder-vymogatelya-LockBit-v-otkrytyj-dostup-10-03)  **Ransomware Team: ****@RansomwareTeam**** Group: ****@RansomTeam**** Private: ****@RansomwareBot**",144,LOW
msg_-1002413797422_35,2024-11-02T06:07:42+00:00,-1002413797422,"**Тот самый билдер шифровальщика  ** Our team managed to hack several LockBit servers as a result, Builder LockBit 3.0 was found on one of the servers.  **Link to original file:** https://[sendspace.com/file/ncjuyb](https://t.co/sK2QfXxp8w) **Password**: `dM@iu9&UJB@#G$1HhZAW`  **Ransomware Team: ****@RansomwareTeam**** Group: ****@RansomTeam**** Private: ****@RansomwareBot**",285,LOW
msg_-1002413797422_36,2024-11-02T06:07:42+00:00,-1002413797422,"#ransomware  **How the ""initial access brokers"" scene works and its role in recent ransomware attacks.**  https://go.recordedfuture.com/hubfs/reports/cta-2022-0802.pdf  **Ransomware Team: ****@RansomwareTeam**** Group: ****@RansomTeam**** Private: ****@RansomwareBot**",168,LOW
msg_-1002413797422_38,2024-11-02T06:07:42+00:00,-1002413797422,**Ransomware Team: ****@RansomwareTeam**** Group: ****@RansomTeam**** Private: ****@RansomwareBot**,137,LOW
msg_-1002413797422_39,2024-11-02T06:07:42+00:00,-1002413797422,"#LockBit #ransomware  Данные, идентификаторы и тд операторов и партнёров скомпрометированы)))  Беги Лола и Форест, беги ;)",125,LOW
msg_-1002413797422_40,2024-11-02T06:07:42+00:00,-1002413797422,**Ransomware Collection**  Рабочие Ransomware (коллекция) Вымогатели под Андроид или под Винду Android locker  AtomPayloadBuilder BasicLocker CryptoLocker+ Source eda2 ex0dus goransomware-master HiddenTear Jigsaw MyLittleRansomware NxRansomware – src+Panel ShellLocker Ransomware Winlocker builderis  **Ransomware Team: ****@RansomwareTeam** **Group: ****@RansomTeam** **Private: ****@RansomwareTeamBot**,136,LOW
msg_-1002413797422_41,2024-11-02T06:07:42+00:00,-1002413797422,#ransomware   https://yoroi.company/research/dissecting-bluesky-ransomware-payload/  **Ransomware Team: ****@RansomwareTeam**** Group: ****@RansomTeam**** Private: ****@RansomwareBot**,138,LOW
msg_-1002413797422_42,2024-11-02T06:07:42+00:00,-1002413797422,#ransomware   https://blog.cyble.com/2022/09/28/bl00dy-new-ransomware-strain-active-in-the-wild/  **Ransomware Team: ****@RansomwareTeam**** Group: ****@RansomTeam**** Private: ****@RansomwareBot**,150,LOW
msg_-1002413797422_43,2024-11-02T06:07:42+00:00,-1002413797422,#LockBit  **Lockbit v3 Decryptor in Action**  **Ransomware Team: ****@RansomwareTeam**** Group: ****@RansomTeam**** Private: ****@RansomwareBot**,143,LOW
msg_-1002413797422_44,2024-11-02T06:07:42+00:00,-1002413797422,"**Verci Spy System RAT Cracked | Ransomware | NSA Exploits | UAC | Spread**  **Verci Spy Manager** - __Это Инструмент созданный людьми Saher Blue Eagle/Cyber Splitter которые известны тем что создают подпольные Вредоносные Программы и поддерживают там собственные инструменты.   Этот инструмент удаленного администрирования поставляется с несколькими подвигами АНБ, несколькими вымогателями и многими другими вещами. Эта КРЫСА также содержит Ring3 Руткит/Червь/Просмотр сетевых устройств__  **Ransomware Team: ****@RansomwareTeam** **Group: ****@RansomTeam** **Private: ****@RansomwareBot**",157,LOW
msg_-1002413797422_45,2024-11-02T06:07:42+00:00,-1002413797422,"#apt #report  Анализ атак группы **OldGremlin**, нацеленных на российский бизнес  **Ransomware Team: ****@RansomwareTeam**** Group: ****@RansomTeam**** Private: ****@RansomwareBot**",194,LOW
msg_-1002413797422_47,2024-11-02T06:07:42+00:00,-1002413797422,**SARA - Simple Android Ransomware Attack V2.0**  __A simple tool for making android ransomware__  https://github.com/termuxhackers-id/SARA  **Ransomware Team: ****@RansomwareTeam**** Group: ****@RansomTeam**** Private: ****@RansomwareBot**,155,LOW
msg_-1002413797422_48,2024-11-02T06:07:42+00:00,-1002413797422,"**Yashma Ransomware Builder v1.2**  __Today, posts were posted in the forums about the sale of this ransomware, and we already have it here for half the price  New version of Chaos ransomware: In this version: 1. New name for fast and better ransomware 2. Fast encryption - 4-5 times faster than before ( with multi threading ) 3. Fast decryption - 4-5 times faster than before ( with multi threading ) 4. Added ""stop backup and anti malware services"" feature 5. Fixed bug in dropped file name. Now you can add your own type of filename for example readme.html 6. Improved aes encrypting method__  **Any.run** **Result**: https://app.any.run/tasks/0b65294f-be7d-4264-a690-74d93b39e627 **Video Tutorial**: https://vimeo.com/manage/videos/702131779  **Ransomware Team: ****@RansomwareTeam** **Group: ****@RansomTeam** **Private: ****@RansomwareBot**",151,LOW
msg_-1002413797422_49,2024-11-02T06:07:42+00:00,-1002413797422,#LockBit  **Lockbit v3 Decryptor in Action**,132,LOW
msg_-1002413797422_5,2024-11-02T06:07:41+00:00,-1002413797422,"Выпущен бесплатный [инструмент](https://www.emsisoft.com/ransomware-decryption-tools/download/diavol) для расшифровки, который поможет жертвам программы-вымогателя Diavol восстановить свои файлы без уплаты выкупа. К инструменту прилагается [инструкция](https://www.emsisoft.com/ransomware-decryption-tools/howtos/emsisoft_howto_diavol.pdf), которая также доступна для скачивания. Локер Diavol связывается с деятельностью банды TrickBot (также известной как Wizard Spider). ** Ransomware Team: **@RansomwareTeam** Group: **@RansomTeam **Private: ****@RansomwareBot**",108,LOW
msg_-1002413797422_50,2024-11-02T06:07:42+00:00,-1002413797422,**Lockbit now has an anonymous pastebin and anonymous file sharing platform ** File - http://lockbitfile2tcudkcqqt2ve6btssyvqwlizbpv5vz337lslmhff2uad.onion  Note - http://lockbitnotexk2vnf2q2zwjefsl3hjsnk4u74vq4chxrqpjclfydk4ad.onion  **Ransomware Team: ****@RansomwareTeam** **Group: ****@RansomTeam** **Private: ****@RansomwareBot**,151,LOW
msg_-1002413797422_53,2024-11-02T06:07:42+00:00,-1002413797422,**The Ransomware Hunting Team.**  **Ransomware Team: ****@RansomwareTeam**** Group: ****@RansomTeam**** Private: ****@RansomwareBot**,164,LOW
msg_-1002413797422_54,2024-11-02T06:07:42+00:00,-1002413797422,**Black Basta Ransomware Attacks Deploy Custom EDR Evasion Tools Tied to FIN7 Threat Actor ** https://www.sentinelone.com/labs/black-basta-ransomware-attacks-deploy-custom-edr-evasion-tools-tied-to-fin7-threat-actor/  **Ransomware Team: ****@RansomwareTeam**** Group: ****@RansomTeam**** Private: ****@RansomwareBot**,142,LOW
msg_-1002413797422_55,2024-11-02T06:07:42+00:00,-1002413797422,"**Ultra  Do you want to encrypt files and get millions of evergreens for decrypting them, like Conti? **[**Ultra**](https://github.com/ORCx41/Ultra)** is just a small PoC of the encryption/decryption algorithm for ransomware actors (illegal activity and condemned by society). In the wild, it will not last long because of the vulnerabilities already present in the code.  ****https://github.com/ORCx41/Ultra****  Archive password:** @ransomwareteam  💬 [Ransom Team](https://t.me/ransomteam)   **Private: ****@RansomwareBot** **Магазин вредоносных ПО - ****@MalwareShopBot**** Project ****@MalwareForum**",196,LOW
msg_-1002413797422_56,2024-11-02T06:07:42+00:00,-1002413797422,#LockBit **Mikhail Vasiliev**  https://www.justice.gov/opa/pr/man-charged-participation-lockbit-global-ransomware-campaign  **Ransomware Team: ****@RansomwareTeam**** Group: ****@RansomTeam**** Private: ****@RansomwareBot**,139,LOW
msg_-1002413797422_57,2024-11-02T06:07:42+00:00,-1002413797422,#ransomware #hive #decryptor  **Hive Ransomware V5 file decryptor**  https://github.com/reecdeep/HiveV5_file_decryptor  **Ransomware Team: ****@RansomwareTeam**** Group: ****@RansomTeam**** Private: ****@RansomwareBot**,149,LOW
msg_-1002413797422_58,2024-11-02T06:07:42+00:00,-1002413797422,**Rustomware**  __Simple ransomware written in Rust. Part of the building a rustomware blog post.__  **Read more about it in the blog post**: https://idov31.github.io/2022/05/07/rust101-rustomware.html  **Archive password:** @ransomwareteam  💬 [Ransom Team](http://t.me/RansomTeam)   **Private: ****@RansomwareBot**** Магазин вредоносных ПО - ****@MalwareShopBot**** Project ****@MalwareForum**,201,LOW
msg_-1002413797422_59,2024-11-02T06:07:42+00:00,-1002413797422,"Интересно, LockBit за 3 недели до ареста REvil уже [знали](https://twitter.com/ashukuhi/status/1612287426210168832?s=46&t=PcLIbRizxd1Yc5mIYFB3AA) об этом (на картинке фрагмент «переписки» LockBit и REvil)?",136,LOW
msg_-1002413797422_6,2024-11-02T06:07:41+00:00,-1002413797422,**Trickbot 01** - В рамках образовательного чтива советую почитать исследование Элиаса Ведберга (ака @modernanalytica).  **02** - Расследование связанное с недавними утечками Trickbot. **03** - Репа содержит  личную информацию нескольких операторов Conti Ransomware и TrickBot **04** - [зачитать](https://github.com/Cybernite-Technologies/trickbot-leak)  **Ransomware Team: **@RansomwareTeam** Group: **@RansomTeam **Private: ****@RansomwareBot**,114,LOW
msg_-1002413797422_60,2024-11-02T06:07:42+00:00,-1002413797422,Lockbit ransomware group was responsible on the recent attacks on the Royal Mail (the British multinational postal service).,132,LOW
msg_-1002413797422_62,2024-11-02T06:07:42+00:00,-1002413797422,Fun fact: There have been 47 publicly listed ransomware victims in 2023. 47 in 10 days.  More info: https://ransomwatch.telemetry.ltd/#/,148,LOW
msg_-1002413797422_63,2024-11-02T06:07:42+00:00,-1002413797422,Regarding the Lockbit attack on the Royal Mail,141,LOW
msg_-1002413797422_64,2024-11-02T06:07:42+00:00,-1002413797422,Lockbit ransomware group (again) denies the attack on the Royal Mail ... but invites the attackers to formally join their organization  Intel via 3xp0rtblog,140,LOW
msg_-1002413797422_65,2024-11-02T06:07:42+00:00,-1002413797422,HIVE ransomware group's Tor domain has been seized by EUROPOL  *No official announcement yet from United States Department of Justice or EUROPOL,143,LOW
msg_-1002413797422_66,2024-11-02T06:07:42+00:00,-1002413797422,Lockbit ransomware group now claims to be responsible for the attack on the Royal Mail - they claim to have identified the affiliate responsible. They state they are busy and do not have the time to monitor the actions of every affiliate  Intel via BrettCallow and AShukuhi,147,LOW
msg_-1002413797422_68,2024-11-02T06:07:42+00:00,-1002413797422,"Lockbit ransomware group has informed us they have acquired a 3rd ransomware variant.  - Lockbit Red - Lockbit Black - Lockbit Green  They also have modified their ESXI ransomware variant.  Yes, they actually wrote ""TLP:RED"" in the image.",157,LOW
msg_-1002413797422_7,2024-11-02T06:07:41+00:00,-1002413797422,https://www.bleepingcomputer.com/news/security/angry-conti-ransomware-affiliate-leaks-gangs-attack-playbook/  **Ransomware Team: **@RansomwareTeam** Group: **@RansomTeam **Private: ****@RansomwareBot**,112,LOW
msg_-1002413797422_70,2024-11-02T06:07:43+00:00,-1002413797422,"**Open-Source Ransomware As A Service for Linux, MacOS and Windows  Features**: __Generate a ransomware payload With or without GUI payload FUD (Fully Undetectable by Anti-Virus) Works on Windows, MacOS and Linux Super fast encryption with PyCrypto Compile to EXE, APP or Unix/Linux executable Custom icon for your EXE payload Receive keys of victims Decrypt files Demo mode (payload won't encrypt anything) Fullscreen mode (Warning takes over the screen) Custom warning message for your victim Custom image in your payload Ghost mode (Rename by adding .DEMON extention instead of encrypting the files) Multiple encryption methods Select file extentions to target Decide if payload should self-destruct (Console mode feature only) Decide wich drive to target for encryption (working directory) Verified server access through port forwarding VPN Encode payload as Morse code  ____https://github.com/Toyhack/RAASNet____  __💬 [Ransom Team](https://t.me/ransomteam)__  __**Ransomware Team: ****@RansomwareTeam**** Group: ****@RansomTeam**** Private: ****@RansomwareBot**",233,LOW
msg_-1002413797422_71,2024-11-02T06:07:43+00:00,-1002413797422,**Lockbit now has an anonymous pastebin and anonymous file sharing platform ** **File**: http://lockbitfile2tcudkcqqt2ve6btssyvqwlizbpv5vz337lslmhff2uad.onion  **Note**: http://lockbitnotexk2vnf2q2zwjefsl3hjsnk4u74vq4chxrqpjclfydk4ad.onion  💬 [Ransom Team](http://t.me/ransomteam)  **Ransomware Team: ****@RansomwareTeam**** Group: ****@RansomTeam**** Private: ****@RansomwareBot**,168,LOW
msg_-1002413797422_72,2024-11-02T06:07:43+00:00,-1002413797422,"**Go Ransomware**  __Шифрует файлы в фоновом режиме, используя AES-256-CTR, надежный алгоритм шифрования, используя RSA-4096 для защиты обмена с сервером, при необходимости используя прокси-сервер Tor SOCKS5.   Рансом состоит из трех частей: сервера, вредоносного ПО и анлокера. Сервер хранит ключ идентификации жертвы вместе с ключом шифрования, используемым шифровальщиком. Ransomware шифрует с помощью открытого ключа RSA-4096 (RSA-OAEP-4096 + SHA256) любую полезную нагрузку перед ее отправкой на сервер. __ https://github.com/mauri870/ransomware  💬 [Ransom Team](http://t.me/ransomteam)  **Ransomware Team: ****@RansomwareTeam**** Group: ****@RansomTeam**** Private: ****@RansomwareBot**",170,LOW
msg_-1002413797422_73,2024-11-02T06:07:43+00:00,-1002413797422,"#LockBit #ransomware  Lockbit Red - Lockbit 2.0, custom ransomware Lockbit Black - BlackMatter ransomware group code Lockbit Green - Conti ransomware group code` ` https://github.com/prodaft/malware-ioc/blob/master/LockBit/green.md  💬 [Ransom Team](http://t.me/ransomteam)  **Ransomware Team: ****@RansomwareTeam**** Group: ****@RansomTeam**** Private: ****@RansomwareBot**",168,LOW
msg_-1002413797422_74,2024-11-02T06:07:43+00:00,-1002413797422,"The founder of #Bitzlato, the Hong Kong-registered cryptocurrency exchange, Anatoly #Legkodymov, was arrested last night in Miami, Florida. He is charged with facilitating the laundering of over $700 Million of criminal proceeds, including funds for the #Conti #Ransomware group and #Hydra marketplace.  https://www.justice.gov/usao-edny/pr/founder-and-majority-owner-bitzlato-cryptocurrency-exchange-charged-unlicensed-money",163,LOW
msg_-1002413797422_75,2024-11-02T06:07:43+00:00,-1002413797422,https://resecurity.com/blog/article/nevada-ransomware-waiting-for-the-next-dark-web-jackpot  #nevada #ransomware,166,LOW
msg_-1002413797422_76,2024-11-02T06:07:43+00:00,-1002413797422,"Dimorf is a ransomware using 256-bit AES with a self-destructing, randomly generated key for Linux OS´s  https://github.com/Ort0x36/Dimorf  💬 [Ransom Team](https://t.me/ransomteam)  **Ransomware Team: ****@RansomwareTeam**** Private: ****@RansomwareBot**** Powered by ****@MalwareForum**",205,LOW
msg_-1002413797422_77,2024-11-02T06:07:43+00:00,-1002413797422,**Monti Ransomware ****http://mblogci3rudehaagbryjznltdp33ojwzkq6hn2pckvjq33rycmzczpid.onion****  Relic Ransomware ****http://relic5zqwemjnu4veilml6prgyedj6phs7de3udhicuq53z37klxm6qd.onion****  Endurance Ransomware  ****http://h44jyyfomcbnnw5dha7zgwgkvpzbzbdyx2onu4fxaa5smxrgbjgq7had.onion****  Play Ransomware ****http://mbrlkbtq5jonaqkurjwmxftytyn2ethqvbxfu4rgjbkkknndqwae6byd.onion****  Abraham ax ****http://abrahamm32umasogaqojib3ey2w2nwoafffrguq43tsyke4s3fz3w4yd.onion**** ****https://abrahams-ax.se**** ** 💬 [Ransom Team](http://t.me/ransomteam)  **Ransomware Team: ****@RansomwareTeam**** Private: ****@RansomwareBot**** Powered by ****@MalwareForum**,188,LOW
msg_-1002413797422_78,2024-11-02T06:07:43+00:00,-1002413797422,"**Conti  **Только в образовательных целях! Исходный код + рекомендации от ФБР, CISA и АНБ по смягчению последствий  For educational purposes only! Source code + recommendations from the FBI, CISA & NSA on mitigation  💬 [Ransom Team](https://t.me/ransomteam)  **Ransomware Team: ****@RansomwareTeam**** Private: ****@RansomwareBot**** Powered by ****@MalwareForum**",208,LOW
msg_-1002413797422_82,2024-11-02T06:07:43+00:00,-1002413797422,**Writing a decryptor for Jaff ransomware**  https://clairelevin.github.io/malware/2023/02/14/jaff.html  **Ransomware Team: ****@RansomwareTeam**** Group: ****@RansomTeam**** Private: ****@RansomwareBot**,176,LOW
msg_-1002413797422_83,2024-11-02T06:07:43+00:00,-1002413797422,"**Шифровальщики. Как реагировать на атаки с использованием программ-вымогателей?**  🌐 Lang.: Russian 🧔 Author: О. Скулкин 🕘 Year: 2023 📑 Pages: 126  Description: __Эта книга заинтересует широкий круг технических специалистов — от студентов, изучающих кибербезопасность, до системных и сетевых администраторов малых и средних предприятий и даже специалистов по реагированию на инциденты и аналитиков киберугроз, которые хотели бы больше узнать об атаках программ-вымогателей, управляемых человеком.  __**Ransomware Team: ****@RansomwareTeam**** Group: ****@RansomTeam**** Private: ****@RansomwareBot**__  ____#book____ ____#cyber____ ____#RU__",171,LOW
msg_-1002413797422_84,2024-11-02T06:07:43+00:00,-1002413797422,"**ENCCN V1 Ransomware Builder Cracked (clean)**  __Updated and clean version of ENCCN V1 ransomware__  **What can ransomware virus do?** __After ransomware has received get right of entry to to a system, it can commence encrypting its files. Since encryption performance is constructed into an working system, this truly includes gaining access to files, encrypting them with an attacker-controlled key, and changing the originals with the encrypted versions.__  **Ransomware Team: ****@RansomwareTeam** **Group: ****@RansomTeam** **Private: ****@RansomwareBot**",166,LOW
msg_-1002413797422_85,2024-11-02T06:07:43+00:00,-1002413797422,"**Conti 3.7 Ransomware Modification**  __There are small changes in the code for hiding from antiviruses in the rest of the way nothing changed__ __After compilation, you will have 3 executable files: Cryptor.exe, Decryptor.exe, and one dynamically connected library file - Cryptor.dll. Threadpool.cpp: 30 - here to change the key __ __Launch in a virtual machine! The material is exclusively introductory! We are not responsible for the use of your robber programs.__  **Ransomware Team: ****@RansomwareTeam** **Group: ****@RansomTeam** **Private: ****@RansomwareBot**",183,LOW
msg_-1002413797422_87,2024-11-02T06:07:43+00:00,-1002413797422,[@malwara](https://t.me/malwara)  __Ещё больше материала найдёте в нашей приватке ✅ You will find even more material in our private ✅__ **Access**: [@malwarabot](https://t.me/malwarabot),198,LOW
msg_-1002413797422_88,2024-11-02T06:07:43+00:00,-1002413797422,**LockBit 3.0 (Black). Распространение в локальной сети в режиме PsExec ** https://habr.com/ru/post/720764/?utm_campaign=720764&utm_source=habrahabr&utm_medium=rss  **Project: ****@RansomwareTeam**** Group: ****@RansomTeam**** Private: ****@RansomwareBot**,196,LOW
msg_-1002413797422_89,2024-11-02T06:07:43+00:00,-1002413797422,**Ransomware Diaries: Volume 2 – A Ransomware Hacker Origin **[**Story**](https://analyst1.com/ransomware-diaries-volume-2/)[  https://analyst1.com/ransomware-diaries-volume-2/](https://analyst1.com/ransomware-diaries-volume-2/)  **Project: ****@RansomwareTeam**** Group: ****@RansomTeam**** Private: ****@RansomwareBot**** ** #ransome,173,LOW
msg_-1002413797422_90,2024-11-02T06:07:43+00:00,-1002413797422,"**AntiRansomware Linux Kernel Module   **Это успех, то есть, для защиты от рансома, был написан фактически rootkit с перехватом `sys_rename `А вот затея с суффиксами плохая, всегда можно генерить на основе железа и например хоть аптайма уникальный суффикс  https://github.com/niveb/NoCrypt  **Project: ****@RansomwareTeam**** Group: ****@RansomTeam**** Private: ****@RansomwareBot**",165,LOW
msg_-1002413797422_91,2024-11-02T06:07:43+00:00,-1002413797422,"**Conti 3.7 Ransomware Modification**  __There are small changes in the code for hiding from antiviruses in the rest of the way nothing changed__ __After compilation, you will have 3 executable files: Cryptor.exe, Decryptor.exe, and one dynamically connected library file - Cryptor.dll. Threadpool.cpp: 30 - here to change the key __ __Launch in a virtual machine! The material is exclusively introductory! We are not responsible for the use of your robber programs.__  **Ransomware Team: ****@RansomwareTeam** **Group: ****@RansomTeam** **Private: ****@RansomwareBot**",181,LOW
msg_-1002413797422_92,2024-11-02T06:07:43+00:00,-1002413797422,**Analyzing an arm64 mach-O version of LockBit**  https://objective-see.org/blog/blog_0x75.html  **Project: ****@RansomwareTeam**** Group: ****@RansomTeam**** Private: ****@RansomwareBot**  #lockbit #ransomware #macos,181,LOW
msg_-1002413797422_94,2024-11-02T06:07:43+00:00,-1002413797422,Мануал по сетям 2.0 за 10к$  ‘Ransomware’  [1я часть](https://t.me/malwara/311) тоже стоила 10к$  @malwara  __Ещё больше материала найдёте в нашей приватке ✅ You will find even more material in our private ✅__ **Access**: @malwarabot,203,LOW
msg_-1002413797422_95,2024-11-02T06:07:43+00:00,-1002413797422,"Rhysida ransomware group has done something we have never seen before....  They have ransomed ""Hollywood Forever"", a cemetery and funeral home in Los Angeles, California. Even the dead are getting ransomed:(  Information via bumbl3r",187,LOW
msg_-1002413797422_96,2024-11-02T06:07:43+00:00,-1002413797422,"**CryptoTester** - a utility for playing with cryptography, geared towards ransomware analysis.  https://github.com/Demonslay335/CryptoTester  **Project: ****@RansomwareTeam**** Group: ****@RansomTeam**** Private: ****@RansomwareBot**  #ransomware #cryptography #hex",188,LOW
msg_-1002413797422_97,2024-11-02T06:07:43+00:00,-1002413797422,"**White Phoenix**  __This tool recovers content from files encrypted by Ransomware using “intermittent encryption”__  **Tested on**: __BlackCat/ALPHV Ransomware, Play Ransomware, Qilin/Agenda Ransomware, BianLian Ransomware, DarkBit__  https://github.com/cyberark/White-Phoenix  **Project: ****@RansomwareTeam**** Group: ****@RansomTeam**** Private: ****@RansomwareBot**",206,LOW
msg_-1002413797422_99,2024-11-02T06:07:43+00:00,-1002413797422,**Windows Ransomware Detection and Protection  Project: ****@RansomwareTeam**** Group: ****@RansomTeam**** Private: ****@RansomwareBot**  #windows #ransomware,229,LOW
